# Yarn 1.21.11+build.6; intermediary	named
net/minecraft/class_1296	net/minecraft/entity/passive/PassiveEntity
net/minecraft/class_1296$class_4697	net/minecraft/entity/passive/PassiveEntity$PassiveData
net/minecraft/class_1297	net/minecraft/entity/Entity
net/minecraft/class_1297$1	net/minecraft/entity/Entity$1
net/minecraft/class_1297$class_11344	net/minecraft/entity/Entity$ErrorReporterContext
net/minecraft/class_1297$class_4738	net/minecraft/entity/Entity$PositionUpdater
net/minecraft/class_1297$class_10365	net/minecraft/entity/Entity$QueuedCollisionCheck
net/minecraft/class_1297$class_5799	net/minecraft/entity/Entity$MoveEffect
net/minecraft/class_1297$class_5529	net/minecraft/entity/Entity$RemovalReason
net/minecraft/class_1309	net/minecraft/entity/LivingEntity
net/minecraft/class_1309$1	net/minecraft/entity/LivingEntity$1
net/minecraft/class_1309$class_6823	net/minecraft/entity/LivingEntity$FallSounds
net/minecraft/class_1308	net/minecraft/entity/mob/MobEntity
net/minecraft/class_1308$1	net/minecraft/entity/mob/MobEntity$1
net/minecraft/class_1308$2	net/minecraft/entity/mob/MobEntity$2
net/minecraft/class_1314	net/minecraft/entity/mob/PathAwareEntity
net/minecraft/class_4095	net/minecraft/entity/ai/brain/Brain
net/minecraft/class_4095$1	net/minecraft/entity/ai/brain/Brain$1
net/minecraft/class_4095$class_5302	net/minecraft/entity/ai/brain/Brain$MemoryEntry
net/minecraft/class_4095$class_5303	net/minecraft/entity/ai/brain/Brain$Profile
net/minecraft/class_4096	net/minecraft/entity/ai/brain/task/FindPointOfInterestTask
net/minecraft/class_4096$class_5397	net/minecraft/entity/ai/brain/task/FindPointOfInterestTask$RetryMarker
net/minecraft/class_4806	net/minecraft/entity/ai/brain/task/BreedTask
net/minecraft/class_6028	net/minecraft/entity/ai/brain/task/FleeTask
net/minecraft/class_4114	net/minecraft/entity/ai/brain/task/UpdateJobSiteTask
net/minecraft/class_5355	net/minecraft/entity/ai/brain/task/WalkTowardsEntityTask
net/minecraft/class_4807	net/minecraft/entity/ai/brain/task/LookTowardsAttackTargetTask
net/minecraft/class_4808	net/minecraft/entity/ai/brain/task/PacifyTask
net/minecraft/class_4097	net/minecraft/entity/ai/brain/task/MultiTickTask
net/minecraft/class_4097$class_4098	net/minecraft/entity/ai/brain/task/MultiTickTask$Status
net/minecraft/class_7893	net/minecraft/entity/ai/brain/task/Task
net/minecraft/class_4215	net/minecraft/entity/ai/brain/task/TargetUtil
net/minecraft/class_4099	net/minecraft/entity/ai/brain/BlockPosLookTarget
net/minecraft/class_4242	net/minecraft/entity/ai/brain/task/CelebrateRaidWinTask
net/minecraft/class_12111	net/minecraft/entity/ai/brain/task/DashAttackTask
net/minecraft/class_4809	net/minecraft/entity/ai/brain/task/MemoryTransferTask
net/minecraft/class_5753	net/minecraft/entity/ai/brain/task/TickCooldownTask
net/minecraft/class_7095	net/minecraft/entity/ai/brain/task/CroakTask
net/minecraft/class_4810	net/minecraft/entity/ai/brain/task/CrossbowAttackTask
net/minecraft/class_4810$class_4811	net/minecraft/entity/ai/brain/task/CrossbowAttackTask$CrossbowState
net/minecraft/class_4812	net/minecraft/entity/ai/brain/task/RidingTask
net/minecraft/class_4101	net/minecraft/entity/ai/brain/task/WaitTask
net/minecraft/class_4102	net/minecraft/entity/ai/brain/EntityLookTarget
net/minecraft/class_4813	net/minecraft/entity/ai/brain/task/ForgetTask
net/minecraft/class_5754	net/minecraft/entity/ai/brain/task/TemptTask
net/minecraft/class_4103	net/minecraft/entity/ai/brain/task/CompositeTask
net/minecraft/class_4103$class_4104	net/minecraft/entity/ai/brain/task/CompositeTask$Order
net/minecraft/class_4103$class_4216	net/minecraft/entity/ai/brain/task/CompositeTask$RunMode
net/minecraft/class_4103$class_4216$1	net/minecraft/entity/ai/brain/task/CompositeTask$RunMode$1
net/minecraft/class_4103$class_4216$2	net/minecraft/entity/ai/brain/task/CompositeTask$RunMode$2
net/minecraft/class_4243	net/minecraft/entity/ai/brain/task/GiveGiftsToHeroTask
net/minecraft/class_7296	net/minecraft/entity/ai/brain/task/GiveInventoryToLookTargetTask
net/minecraft/class_4458	net/minecraft/entity/ai/brain/task/GoToCloserPointOfInterestTask
net/minecraft/class_5325	net/minecraft/entity/ai/brain/task/WalkTowardsJobSiteTask
net/minecraft/class_4814	net/minecraft/entity/ai/brain/task/WalkTowardsFuzzyPosTask
net/minecraft/class_4815	net/minecraft/entity/ai/brain/task/WalkTowardsNearestVisibleWantedItemTask
net/minecraft/class_4217	net/minecraft/entity/ai/brain/task/FarmerVillagerTask
net/minecraft/class_4289	net/minecraft/entity/ai/brain/task/GoIndoorsTask
net/minecraft/class_4106	net/minecraft/entity/ai/brain/task/FindEntityTask
net/minecraft/class_4107	net/minecraft/entity/ai/brain/task/OpenDoorsTask
net/minecraft/class_4245	net/minecraft/entity/ai/brain/task/JumpInBedTask
net/minecraft/class_4246	net/minecraft/entity/ai/brain/task/HideInHomeTask
net/minecraft/class_6029	net/minecraft/entity/ai/brain/task/LeapingChargeTask
net/minecraft/class_7096	net/minecraft/entity/ai/brain/task/BiasedLongJumpTask
net/minecraft/class_6030	net/minecraft/entity/ai/brain/task/LongJumpTask
net/minecraft/class_6030$class_6031	net/minecraft/entity/ai/brain/task/LongJumpTask$Target
net/minecraft/class_4108	net/minecraft/entity/ai/brain/task/FollowCustomerTask
net/minecraft/class_4110	net/minecraft/entity/ai/brain/task/UpdateLookControlTask
net/minecraft/class_4816	net/minecraft/entity/ai/brain/task/MeleeAttackTask
net/minecraft/class_4817	net/minecraft/entity/ai/brain/task/StartRidingTask
net/minecraft/class_4248	net/minecraft/entity/ai/brain/task/SeekSkyTask
net/minecraft/class_4112	net/minecraft/entity/ai/brain/task/MoveToTargetTask
net/minecraft/class_7894	net/minecraft/entity/ai/brain/task/SingleTickTask
net/minecraft/class_4218	net/minecraft/entity/ai/brain/task/PlayWithVillagerBabiesTask
net/minecraft/class_5326	net/minecraft/entity/ai/brain/task/WorkStationCompetitionTask
net/minecraft/class_4115	net/minecraft/entity/ai/brain/LookTarget
net/minecraft/class_6336	net/minecraft/entity/ai/brain/task/PrepareRamTask
net/minecraft/class_6336$class_6337	net/minecraft/entity/ai/brain/task/PrepareRamTask$Ram
net/minecraft/class_6338	net/minecraft/entity/ai/brain/task/RamImpactTask
net/minecraft/class_7687	net/minecraft/entity/ai/brain/task/LookAroundTask
net/minecraft/class_4818	net/minecraft/entity/ai/brain/task/StrollTask
net/minecraft/class_4249	net/minecraft/entity/ai/brain/task/HideWhenBellRingsTask
net/minecraft/class_4295	net/minecraft/entity/ai/brain/task/LoseJobOnSiteLossTask
net/minecraft/class_4250	net/minecraft/entity/ai/brain/task/EndRaidTask
net/minecraft/class_4251	net/minecraft/entity/ai/brain/task/RingBellTask
net/minecraft/class_4118	net/minecraft/entity/ai/brain/task/RandomTask
net/minecraft/class_4290	net/minecraft/entity/ai/brain/task/GoToHomeTask
net/minecraft/class_4119	net/minecraft/entity/ai/brain/task/LookAtMobTask
net/minecraft/class_7895	net/minecraft/entity/ai/brain/task/LookAtMobWithIntervalTask
net/minecraft/class_7895$class_7896	net/minecraft/entity/ai/brain/task/LookAtMobWithIntervalTask$Interval
net/minecraft/class_4252	net/minecraft/entity/ai/brain/task/ForgetBellRingTask
net/minecraft/class_4109	net/minecraft/entity/ai/brain/task/FindInteractionTargetTask
net/minecraft/class_4253	net/minecraft/entity/ai/brain/task/StartRaidTask
net/minecraft/class_4121	net/minecraft/entity/ai/brain/task/GoToRememberedPositionTask
net/minecraft/class_4822	net/minecraft/entity/ai/brain/task/RangedApproachTask
net/minecraft/class_4122	net/minecraft/entity/ai/brain/task/VillagerWalkTowardsTask
net/minecraft/class_4120	net/minecraft/entity/ai/brain/task/GoToLookTargetTask
net/minecraft/class_4130	net/minecraft/entity/ai/brain/task/HoldTradeOffersTask
net/minecraft/class_4123	net/minecraft/entity/ai/brain/task/SleepTask
net/minecraft/class_4124	net/minecraft/entity/ai/brain/task/MeetVillagerTask
net/minecraft/class_12358	net/minecraft/entity/ai/brain/task/SpearAttackTask
net/minecraft/class_12359	net/minecraft/entity/ai/brain/task/SpearChargeTask
net/minecraft/class_12359$class_12360	net/minecraft/entity/ai/brain/task/SpearChargeTask$AdvanceState
net/minecraft/class_12361	net/minecraft/entity/ai/brain/task/SpearFleeTask
net/minecraft/class_4824	net/minecraft/entity/ai/brain/task/UpdateAttackTargetTask
net/minecraft/class_4824$class_10250	net/minecraft/entity/ai/brain/task/UpdateAttackTargetTask$StartCondition
net/minecraft/class_4824$class_10251	net/minecraft/entity/ai/brain/task/UpdateAttackTargetTask$TargetGetter
net/minecraft/class_4825	net/minecraft/entity/ai/brain/task/DefeatTargetTask
net/minecraft/class_7297	net/minecraft/entity/ai/brain/task/WalkTowardsLookTargetTask
net/minecraft/class_4828	net/minecraft/entity/ai/brain/task/ForgetAttackTargetTask
net/minecraft/class_4828$class_10252	net/minecraft/entity/ai/brain/task/ForgetAttackTargetTask$AlternativeCondition
net/minecraft/class_4828$class_10253	net/minecraft/entity/ai/brain/task/ForgetAttackTargetTask$ForgetCallback
net/minecraft/class_4829	net/minecraft/entity/ai/brain/task/ForgetAngryAtTargetTask
net/minecraft/class_4116	net/minecraft/entity/ai/brain/task/GoAroundTask
net/minecraft/class_4219	net/minecraft/entity/ai/brain/task/GoToPosTask
net/minecraft/class_4220	net/minecraft/entity/ai/brain/task/GoToSecondaryPositionTask
net/minecraft/class_4125	net/minecraft/entity/ai/brain/task/StayAboveWaterTask
net/minecraft/class_4126	net/minecraft/entity/ai/brain/task/GatherItemsVillagerTask
net/minecraft/class_11568	net/minecraft/entity/ai/brain/task/MoveItemsTask
net/minecraft/class_11568$class_11569	net/minecraft/entity/ai/brain/task/MoveItemsTask$InteractionState
net/minecraft/class_11568$class_11570	net/minecraft/entity/ai/brain/task/MoveItemsTask$InteractionCallback
net/minecraft/class_11568$class_11571	net/minecraft/entity/ai/brain/task/MoveItemsTask$NavigationState
net/minecraft/class_11568$class_11572	net/minecraft/entity/ai/brain/task/MoveItemsTask$Storage
net/minecraft/class_7897	net/minecraft/entity/ai/brain/task/Tasks
net/minecraft/class_7097	net/minecraft/entity/ai/brain/task/WalkTowardsLandTask
net/minecraft/class_7098	net/minecraft/entity/ai/brain/task/WalkTowardsWaterTask
net/minecraft/class_5756	net/minecraft/entity/ai/brain/task/SeekWaterTask
net/minecraft/class_7099	net/minecraft/entity/ai/brain/task/LayFrogSpawnTask
net/minecraft/class_4127	net/minecraft/entity/ai/brain/task/ScheduleActivityTask
net/minecraft/class_4982	net/minecraft/entity/ai/brain/task/BoneMealTask
net/minecraft/class_4128	net/minecraft/entity/ai/brain/task/ForgetCompletedPointOfInterestTask
net/minecraft/class_4117	net/minecraft/entity/ai/brain/task/GoToPointOfInterestTask
net/minecraft/class_4100	net/minecraft/entity/ai/brain/task/StopPanickingTask
net/minecraft/class_4129	net/minecraft/entity/ai/brain/task/VillagerTaskListProvider
net/minecraft/class_4111	net/minecraft/entity/ai/brain/task/VillagerBreedTask
net/minecraft/class_4113	net/minecraft/entity/ai/brain/task/PanicTask
net/minecraft/class_4214	net/minecraft/entity/ai/brain/task/WakeUpTask
net/minecraft/class_4983	net/minecraft/entity/ai/brain/task/FarmerWorkTask
net/minecraft/class_4133	net/minecraft/entity/ai/brain/task/VillagerWorkTask
net/minecraft/class_5327	net/minecraft/entity/ai/brain/task/TakeJobSiteTask
net/minecraft/class_7898	net/minecraft/entity/ai/brain/task/TaskTriggerer
net/minecraft/class_7898$1	net/minecraft/entity/ai/brain/task/TaskTriggerer$1
net/minecraft/class_7898$class_7899	net/minecraft/entity/ai/brain/task/TaskTriggerer$Supply
net/minecraft/class_7898$class_7899$1	net/minecraft/entity/ai/brain/task/TaskTriggerer$Supply$1
net/minecraft/class_7898$class_7900	net/minecraft/entity/ai/brain/task/TaskTriggerer$TaskContext
net/minecraft/class_7898$class_7900$1	net/minecraft/entity/ai/brain/task/TaskTriggerer$TaskContext$1
net/minecraft/class_7898$class_7900$2	net/minecraft/entity/ai/brain/task/TaskTriggerer$TaskContext$2
net/minecraft/class_7898$class_7900$3	net/minecraft/entity/ai/brain/task/TaskTriggerer$TaskContext$3
net/minecraft/class_7898$class_7900$4	net/minecraft/entity/ai/brain/task/TaskTriggerer$TaskContext$4
net/minecraft/class_7898$class_7900$5	net/minecraft/entity/ai/brain/task/TaskTriggerer$TaskContext$5
net/minecraft/class_7898$class_7900$class_7901	net/minecraft/entity/ai/brain/task/TaskTriggerer$TaskContext$Mu
net/minecraft/class_7898$class_7902	net/minecraft/entity/ai/brain/task/TaskTriggerer$K1
net/minecraft/class_7898$class_7903	net/minecraft/entity/ai/brain/task/TaskTriggerer$QueryMemory
net/minecraft/class_7898$class_7903$1	net/minecraft/entity/ai/brain/task/TaskTriggerer$QueryMemory$1
net/minecraft/class_7898$class_7904	net/minecraft/entity/ai/brain/task/TaskTriggerer$TaskFunction
net/minecraft/class_7898$class_7905	net/minecraft/entity/ai/brain/task/TaskTriggerer$Trigger
net/minecraft/class_7898$class_7905$1	net/minecraft/entity/ai/brain/task/TaskTriggerer$Trigger$1
net/minecraft/class_7906	net/minecraft/entity/ai/brain/MemoryQueryResult
net/minecraft/class_7907	net/minecraft/entity/ai/brain/MemoryQuery
net/minecraft/class_7907$class_7908	net/minecraft/entity/ai/brain/MemoryQuery$Absent
net/minecraft/class_7907$class_7909	net/minecraft/entity/ai/brain/MemoryQuery$Value
net/minecraft/class_7907$class_7910	net/minecraft/entity/ai/brain/MemoryQuery$Optional
net/minecraft/class_7911	net/minecraft/entity/ai/brain/task/TaskRunnable
net/minecraft/class_7249	net/minecraft/entity/ai/brain/task/DigTask
net/minecraft/class_7250	net/minecraft/entity/ai/brain/task/EmergeTask
net/minecraft/class_7521	net/minecraft/entity/ai/brain/task/DismountVehicleTask
net/minecraft/class_7255	net/minecraft/entity/ai/brain/task/RoarTask
net/minecraft/class_7256	net/minecraft/entity/ai/brain/task/FindRoarTargetTask
net/minecraft/class_7257	net/minecraft/entity/ai/brain/task/LookAtDisturbanceTask
net/minecraft/class_7251	net/minecraft/entity/ai/brain/task/SniffTask
net/minecraft/class_7396	net/minecraft/entity/ai/brain/task/SonicBoomTask
net/minecraft/class_7259	net/minecraft/entity/ai/brain/task/StartSniffingTask
net/minecraft/class_1330	net/minecraft/entity/ai/control/BodyControl
net/minecraft/class_10183	net/minecraft/entity/ai/control/Control
net/minecraft/class_1331	net/minecraft/entity/ai/control/FlightMoveControl
net/minecraft/class_1334	net/minecraft/entity/ai/control/JumpControl
net/minecraft/class_1333	net/minecraft/entity/ai/control/LookControl
net/minecraft/class_1335	net/minecraft/entity/ai/control/MoveControl
net/minecraft/class_1335$class_1336	net/minecraft/entity/ai/control/MoveControl$State
net/minecraft/class_1332	net/minecraft/entity/ai/control/YawAdjustingLookControl
net/minecraft/class_5757	net/minecraft/entity/ai/control/AquaticMoveControl
net/minecraft/class_1338	net/minecraft/entity/ai/goal/FleeEntityGoal
net/minecraft/class_1337	net/minecraft/entity/ai/goal/WolfBegGoal
net/minecraft/class_1340	net/minecraft/entity/ai/goal/ChaseBoatState
net/minecraft/class_1339	net/minecraft/entity/ai/goal/BreakDoorGoal
net/minecraft/class_1342	net/minecraft/entity/ai/goal/BreatheAirGoal
net/minecraft/class_1341	net/minecraft/entity/ai/goal/AnimalMateGoal
net/minecraft/class_3697	net/minecraft/entity/ai/goal/GoToBedAndSleepGoal
net/minecraft/class_1373	net/minecraft/entity/ai/goal/CatSitOnBlockGoal
net/minecraft/class_6868	net/minecraft/entity/ai/goal/PowderSnowJumpGoal
net/minecraft/class_1357	net/minecraft/entity/ai/goal/DolphinJumpGoal
net/minecraft/class_1343	net/minecraft/entity/ai/goal/DoorInteractGoal
net/minecraft/class_1345	net/minecraft/entity/ai/goal/EatGrassGoal
net/minecraft/class_1344	net/minecraft/entity/ai/goal/EscapeSunlightGoal
net/minecraft/class_1347	net/minecraft/entity/ai/goal/SwimGoal
net/minecraft/class_1346	net/minecraft/entity/ai/goal/ChaseBoatGoal
net/minecraft/class_1349	net/minecraft/entity/ai/goal/FollowGroupLeaderGoal
net/minecraft/class_1348	net/minecraft/entity/ai/goal/FollowMobGoal
net/minecraft/class_1350	net/minecraft/entity/ai/goal/FollowOwnerGoal
net/minecraft/class_1353	net/minecraft/entity/ai/goal/FollowParentGoal
net/minecraft/class_1352	net/minecraft/entity/ai/goal/Goal
net/minecraft/class_1352$class_4134	net/minecraft/entity/ai/goal/Goal$Control
net/minecraft/class_1355	net/minecraft/entity/ai/goal/GoalSelector
net/minecraft/class_1355$1	net/minecraft/entity/ai/goal/GoalSelector$1
net/minecraft/class_1355$2	net/minecraft/entity/ai/goal/GoalSelector$2
net/minecraft/class_5274	net/minecraft/entity/ai/goal/IronGolemWanderAroundGoal
net/minecraft/class_1358	net/minecraft/entity/ai/goal/StopAndLookAtEntityGoal
net/minecraft/class_4017	net/minecraft/entity/ai/goal/DiveJumpingGoal
net/minecraft/class_1360	net/minecraft/entity/ai/goal/SitOnOwnerShoulderGoal
net/minecraft/class_1359	net/minecraft/entity/ai/goal/PounceAtTargetGoal
net/minecraft/class_1362	net/minecraft/entity/ai/goal/FormCaravanGoal
net/minecraft/class_1361	net/minecraft/entity/ai/goal/LookAtEntityGoal
net/minecraft/class_1364	net/minecraft/entity/ai/goal/LookAtCustomerGoal
net/minecraft/class_1366	net/minecraft/entity/ai/goal/MeleeAttackGoal
net/minecraft/class_4291	net/minecraft/entity/ai/goal/WanderAroundPointOfInterestGoal
net/minecraft/class_1368	net/minecraft/entity/ai/goal/MoveThroughVillageGoal
net/minecraft/class_1367	net/minecraft/entity/ai/goal/MoveToTargetPosGoal
net/minecraft/class_1370	net/minecraft/entity/ai/goal/GoToWalkTargetGoal
net/minecraft/class_1369	net/minecraft/entity/ai/goal/WanderNearTargetGoal
net/minecraft/class_1371	net/minecraft/entity/ai/goal/AttackGoal
net/minecraft/class_1372	net/minecraft/entity/ai/goal/IronGolemLookGoal
net/minecraft/class_4255	net/minecraft/entity/ai/goal/LongDoorInteractGoal
net/minecraft/class_1374	net/minecraft/entity/ai/goal/EscapeDangerGoal
net/minecraft/class_3759	net/minecraft/entity/ai/goal/MoveToRaidCenterGoal
net/minecraft/class_1376	net/minecraft/entity/ai/goal/LookAroundGoal
net/minecraft/class_7688	net/minecraft/entity/ai/goal/AmbientStandGoal
net/minecraft/class_1379	net/minecraft/entity/ai/goal/WanderAroundGoal
net/minecraft/class_1378	net/minecraft/entity/ai/goal/SwimAroundGoal
net/minecraft/class_1381	net/minecraft/entity/ai/goal/ProjectileAttackGoal
net/minecraft/class_1380	net/minecraft/entity/ai/goal/BowAttackGoal
net/minecraft/class_1383	net/minecraft/entity/ai/goal/CrossbowAttackGoal
net/minecraft/class_1383$class_3744	net/minecraft/entity/ai/goal/CrossbowAttackGoal$Stage
net/minecraft/class_1382	net/minecraft/entity/ai/goal/StepAndDestroyBlockGoal
net/minecraft/class_1384	net/minecraft/entity/ai/goal/AvoidSunlightGoal
net/minecraft/class_1387	net/minecraft/entity/ai/goal/HorseBondWithPlayerGoal
net/minecraft/class_1386	net/minecraft/entity/ai/goal/SitGoal
net/minecraft/class_12112	net/minecraft/entity/ai/goal/ChargeKineticWeaponGoal
net/minecraft/class_12112$class_12362	net/minecraft/entity/ai/goal/ChargeKineticWeaponGoal$Data
net/minecraft/class_4018	net/minecraft/entity/ai/goal/GoToVillageGoal
net/minecraft/class_1389	net/minecraft/entity/ai/goal/CreeperIgniteGoal
net/minecraft/class_1391	net/minecraft/entity/ai/goal/TemptGoal
net/minecraft/class_1391$class_11185	net/minecraft/entity/ai/goal/TemptGoal$HappyGhastTemptGoal
net/minecraft/class_1390	net/minecraft/entity/ai/goal/StopFollowingCustomerGoal
net/minecraft/class_1393	net/minecraft/entity/ai/goal/MoveIntoWaterGoal
net/minecraft/class_3993	net/minecraft/entity/ai/goal/HoldInHandsGoal
net/minecraft/class_1395	net/minecraft/entity/ai/goal/FlyGoal
net/minecraft/class_1394	net/minecraft/entity/ai/goal/WanderAroundFarGoal
net/minecraft/class_4135	net/minecraft/entity/ai/goal/PrioritizedGoal
net/minecraft/class_1396	net/minecraft/entity/ai/goal/ZombieAttackGoal
net/minecraft/class_1397	net/minecraft/entity/ai/goal/TrackIronGolemTargetGoal
net/minecraft/class_1399	net/minecraft/entity/ai/goal/RevengeGoal
net/minecraft/class_1400	net/minecraft/entity/ai/goal/ActiveTargetGoal
net/minecraft/class_3760	net/minecraft/entity/ai/goal/DisableableFollowTargetGoal
net/minecraft/class_3909	net/minecraft/entity/ai/goal/RaidGoal
net/minecraft/class_1404	net/minecraft/entity/ai/goal/UntamedActiveTargetGoal
net/minecraft/class_1403	net/minecraft/entity/ai/goal/TrackOwnerAttackerGoal
net/minecraft/class_1406	net/minecraft/entity/ai/goal/AttackWithOwnerGoal
net/minecraft/class_5398	net/minecraft/entity/ai/goal/UniversalAngerGoal
net/minecraft/class_1405	net/minecraft/entity/ai/goal/TrackTargetGoal
net/minecraft/class_4831	net/minecraft/entity/ai/brain/Memory
net/minecraft/class_4140	net/minecraft/entity/ai/brain/MemoryModuleType
net/minecraft/class_4141	net/minecraft/entity/ai/brain/MemoryModuleState
net/minecraft/class_6670	net/minecraft/entity/ai/brain/LivingTargetCache
net/minecraft/class_4142	net/minecraft/entity/ai/brain/WalkTarget
net/minecraft/class_5766	net/minecraft/entity/ai/pathing/AmphibiousSwimNavigation
net/minecraft/class_1407	net/minecraft/entity/ai/pathing/BirdNavigation
net/minecraft/class_1409	net/minecraft/entity/ai/pathing/MobNavigation
net/minecraft/class_1408	net/minecraft/entity/ai/pathing/EntityNavigation
net/minecraft/class_1410	net/minecraft/entity/ai/pathing/SpiderNavigation
net/minecraft/class_1412	net/minecraft/entity/ai/pathing/SwimNavigation
net/minecraft/class_5356	net/minecraft/entity/ai/brain/sensor/NearestVisibleAdultSensor
net/minecraft/class_11186	net/minecraft/entity/ai/brain/sensor/NearestFollowableFriendlyMobSensor
net/minecraft/class_6044	net/minecraft/entity/ai/brain/sensor/AxolotlAttackablesSensor
net/minecraft/class_8947	net/minecraft/entity/ai/brain/sensor/BreezeAttackablesSensor
net/minecraft/class_4143	net/minecraft/entity/ai/brain/sensor/DummySensor
net/minecraft/class_7100	net/minecraft/entity/ai/brain/sensor/FrogAttackablesSensor
net/minecraft/class_4307	net/minecraft/entity/ai/brain/sensor/GolemLastSeenSensor
net/minecraft/class_4832	net/minecraft/entity/ai/brain/sensor/HoglinSpecificSensor
net/minecraft/class_4144	net/minecraft/entity/ai/brain/sensor/HurtBySensor
net/minecraft/class_7101	net/minecraft/entity/ai/brain/sensor/IsInWaterSensor
net/minecraft/class_9068	net/minecraft/entity/ai/brain/sensor/ArmadilloScareDetectedSensor
net/minecraft/class_4256	net/minecraft/entity/ai/brain/sensor/NearestBedSensor
net/minecraft/class_4833	net/minecraft/entity/ai/brain/sensor/NearestItemsSensor
net/minecraft/class_4146	net/minecraft/entity/ai/brain/sensor/NearestLivingEntitiesSensor
net/minecraft/class_6045	net/minecraft/entity/ai/brain/sensor/NearestVisibleLivingEntitySensor
net/minecraft/class_5417	net/minecraft/entity/ai/brain/sensor/PiglinBruteSpecificSensor
net/minecraft/class_4834	net/minecraft/entity/ai/brain/sensor/PiglinSpecificSensor
net/minecraft/class_4147	net/minecraft/entity/ai/brain/sensor/NearestPlayersSensor
net/minecraft/class_4221	net/minecraft/entity/ai/brain/sensor/SecondaryPointsOfInterestSensor
net/minecraft/class_4148	net/minecraft/entity/ai/brain/sensor/Sensor
net/minecraft/class_4149	net/minecraft/entity/ai/brain/sensor/SensorType
net/minecraft/class_5760	net/minecraft/entity/ai/brain/sensor/TemptationsSensor
net/minecraft/class_4257	net/minecraft/entity/ai/brain/sensor/VillagerBabiesSensor
net/minecraft/class_4150	net/minecraft/entity/ai/brain/sensor/VillagerHostilesSensor
net/minecraft/class_7252	net/minecraft/entity/ai/brain/sensor/WardenAttackablesSensor
net/minecraft/class_1429	net/minecraft/entity/passive/AnimalEntity
net/minecraft/class_5769	net/minecraft/entity/ai/brain/task/PlayDeadTask
net/minecraft/class_5770	net/minecraft/entity/ai/brain/task/PlayDeadTimerTask
net/minecraft/class_1428	net/minecraft/entity/passive/ChickenEntity
net/minecraft/class_10730	net/minecraft/entity/passive/CowEntity
net/minecraft/class_1505	net/minecraft/entity/ai/goal/SkeletonHorseTrapTriggerGoal
net/minecraft/class_4019	net/minecraft/entity/passive/FoxEntity
net/minecraft/class_4019$class_4020	net/minecraft/entity/passive/FoxEntity$DefendFriendGoal
net/minecraft/class_4019$class_4021	net/minecraft/entity/passive/FoxEntity$StopWanderingGoal
net/minecraft/class_4019$class_4022	net/minecraft/entity/passive/FoxEntity$WorriableEntityFilter
net/minecraft/class_4019$class_4023	net/minecraft/entity/passive/FoxEntity$CalmDownGoal
net/minecraft/class_4019$class_4024	net/minecraft/entity/passive/FoxEntity$MateGoal
net/minecraft/class_4019$class_4025	net/minecraft/entity/passive/FoxEntity$EatBerriesGoal
net/minecraft/class_4019$class_4026	net/minecraft/entity/passive/FoxEntity$FoxSwimGoal
net/minecraft/class_4019$class_4052	net/minecraft/entity/passive/FoxEntity$FollowParentGoal
net/minecraft/class_4019$class_4027	net/minecraft/entity/passive/FoxEntity$FoxData
net/minecraft/class_4019$class_4292	net/minecraft/entity/passive/FoxEntity$LookAtEntityGoal
net/minecraft/class_4019$class_4028	net/minecraft/entity/passive/FoxEntity$FoxLookControl
net/minecraft/class_4019$class_4029	net/minecraft/entity/passive/FoxEntity$AttackGoal
net/minecraft/class_4019$class_4030	net/minecraft/entity/passive/FoxEntity$FoxMoveControl
net/minecraft/class_4019$class_4032	net/minecraft/entity/passive/FoxEntity$EscapeWhenNotAggressiveGoal
net/minecraft/class_4019$class_4033	net/minecraft/entity/passive/FoxEntity$JumpChasingGoal
net/minecraft/class_4019$class_4034	net/minecraft/entity/passive/FoxEntity$PickupItemGoal
net/minecraft/class_4019$class_4031	net/minecraft/entity/passive/FoxEntity$GoToVillageGoal
net/minecraft/class_4019$class_4035	net/minecraft/entity/passive/FoxEntity$SitDownAndLookAroundGoal
net/minecraft/class_4019$class_4036	net/minecraft/entity/passive/FoxEntity$AvoidDaylightGoal
net/minecraft/class_4019$class_4037	net/minecraft/entity/passive/FoxEntity$DelayedCalmDownGoal
net/minecraft/class_4019$class_4038	net/minecraft/entity/passive/FoxEntity$MoveToHuntGoal
net/minecraft/class_4019$class_4039	net/minecraft/entity/passive/FoxEntity$Variant
net/minecraft/class_7108	net/minecraft/entity/ai/brain/task/FrogEatEntityTask
net/minecraft/class_7108$class_7109	net/minecraft/entity/ai/brain/task/FrogEatEntityTask$Phase
net/minecraft/class_1452	net/minecraft/entity/passive/PigEntity
net/minecraft/class_1472	net/minecraft/entity/passive/SheepEntity
net/minecraft/class_1548	net/minecraft/entity/mob/CreeperEntity
net/minecraft/class_9075	net/minecraft/entity/ai/brain/task/BreezeMovementUtil
net/minecraft/class_8952	net/minecraft/entity/ai/brain/task/BreezeJumpTask
net/minecraft/class_8953	net/minecraft/entity/ai/brain/task/BreezeShootTask
net/minecraft/class_9035	net/minecraft/entity/ai/brain/task/BreezeShootIfStuckTask
net/minecraft/class_8954	net/minecraft/entity/ai/brain/task/BreezeSlideTowardsTargetTask
net/minecraft/class_4819	net/minecraft/entity/ai/brain/task/HuntFinishTask
net/minecraft/class_4823	net/minecraft/entity/ai/brain/task/AdmireItemTask
net/minecraft/class_4826	net/minecraft/entity/ai/brain/task/HuntHoglinTask
net/minecraft/class_4827	net/minecraft/entity/ai/brain/task/WantNewItemTask
net/minecraft/class_5430	net/minecraft/entity/ai/brain/task/AdmireItemTimeLimitTask
net/minecraft/class_4830	net/minecraft/entity/ai/brain/task/RemoveOffHandItemTask
net/minecraft/class_1547	net/minecraft/entity/mob/AbstractSkeletonEntity
net/minecraft/class_1547$1	net/minecraft/entity/mob/AbstractSkeletonEntity$1
net/minecraft/class_1613	net/minecraft/entity/mob/SkeletonEntity
net/minecraft/class_1642	net/minecraft/entity/mob/ZombieEntity
net/minecraft/class_1642$class_1643	net/minecraft/entity/mob/ZombieEntity$DestroyEggGoal
net/minecraft/class_1642$class_1644	net/minecraft/entity/mob/ZombieEntity$ZombieData
net/minecraft/class_1646	net/minecraft/entity/passive/VillagerEntity
net/minecraft/class_1657	net/minecraft/entity/player/PlayerEntity
net/minecraft/class_1657$1	net/minecraft/entity/player/PlayerEntity$1
net/minecraft/class_1657$2	net/minecraft/entity/player/PlayerEntity$2
net/minecraft/class_1657$class_1658	net/minecraft/entity/player/PlayerEntity$SleepFailureReason
net/minecraft/class_4168	net/minecraft/entity/ai/brain/Activity
net/minecraft/class_15	net/minecraft/entity/ai/pathing/AmphibiousPathNodeMaker
net/minecraft/class_5	net/minecraft/entity/ai/pathing/PathMinHeap
net/minecraft/class_6	net/minecraft/entity/ai/pathing/BirdPathNodeMaker
net/minecraft/class_9	net/minecraft/entity/ai/pathing/PathNode
net/minecraft/class_8	net/minecraft/entity/ai/pathing/PathNodeMaker
net/minecraft/class_11	net/minecraft/entity/ai/pathing/Path
net/minecraft/class_11$class_8644	net/minecraft/entity/ai/pathing/Path$DebugNodeInfo
net/minecraft/class_10	net/minecraft/entity/ai/pathing/NavigationType
net/minecraft/class_13	net/minecraft/entity/ai/pathing/PathNodeNavigator
net/minecraft/class_7	net/minecraft/entity/ai/pathing/PathNodeType
net/minecraft/class_9315	net/minecraft/entity/ai/pathing/PathNodeTypeCache
net/minecraft/class_9316	net/minecraft/entity/ai/pathing/PathContext
net/minecraft/class_12	net/minecraft/entity/ai/pathing/WaterPathNodeMaker
net/minecraft/class_4459	net/minecraft/entity/ai/pathing/TargetPathNode
net/minecraft/class_14	net/minecraft/entity/ai/pathing/LandPathNodeMaker
net/minecraft/class_14$1	net/minecraft/entity/ai/pathing/LandPathNodeMaker$1
net/minecraft/class_308	net/minecraft/client/render/DiffuseLighting
net/minecraft/class_308$1	net/minecraft/client/render/DiffuseLighting$1
net/minecraft/class_308$class_11274	net/minecraft/client/render/DiffuseLighting$Type
net/minecraft/class_4184	net/minecraft/client/render/Camera
net/minecraft/class_4184$class_6355	net/minecraft/client/render/Camera$Projection
net/minecraft/class_312	net/minecraft/client/Mouse
net/minecraft/class_312$class_12291	net/minecraft/client/Mouse$MouseClickTime
net/minecraft/class_315	net/minecraft/client/option/GameOptions
net/minecraft/class_315$1	net/minecraft/client/option/GameOptions$1
net/minecraft/class_315$2	net/minecraft/client/option/GameOptions$2
net/minecraft/class_315$3	net/minecraft/client/option/GameOptions$3
net/minecraft/class_315$4	net/minecraft/client/option/GameOptions$4
net/minecraft/class_315$5	net/minecraft/client/option/GameOptions$5
net/minecraft/class_315$class_5823	net/minecraft/client/option/GameOptions$Visitor
net/minecraft/class_315$class_9242	net/minecraft/client/option/GameOptions$OptionVisitor
net/minecraft/class_327	net/minecraft/client/font/TextRenderer
net/minecraft/class_327$class_6415	net/minecraft/client/font/TextRenderer$TextLayerType
net/minecraft/class_327$class_11464	net/minecraft/client/font/TextRenderer$GlyphDrawer
net/minecraft/class_327$class_11464$1	net/minecraft/client/font/TextRenderer$GlyphDrawer$1
net/minecraft/class_327$class_11465	net/minecraft/client/font/TextRenderer$GlyphDrawable
net/minecraft/class_327$class_5232	net/minecraft/client/font/TextRenderer$Drawer
net/minecraft/class_327$class_11602	net/minecraft/client/font/TextRenderer$GlyphsProvider
net/minecraft/class_332	net/minecraft/client/gui/DrawContext
net/minecraft/class_332$class_12228	net/minecraft/client/gui/DrawContext$HoverType
net/minecraft/class_332$class_12229	net/minecraft/client/gui/DrawContext$TextConsumerImpl
net/minecraft/class_332$class_8214	net/minecraft/client/gui/DrawContext$ScissorStack
net/minecraft/class_746	net/minecraft/client/network/ClientPlayerEntity
net/minecraft/class_757	net/minecraft/client/render/GameRenderer
net/minecraft/class_757$1	net/minecraft/client/render/GameRenderer$1
net/minecraft/class_759	net/minecraft/client/render/item/HeldItemRenderer
net/minecraft/class_759$1	net/minecraft/client/render/item/HeldItemRenderer$1
net/minecraft/class_759$class_5773	net/minecraft/client/render/item/HeldItemRenderer$HandRenderType
net/minecraft/class_761	net/minecraft/client/render/WorldRenderer
net/minecraft/class_761$1	net/minecraft/client/render/WorldRenderer$1
net/minecraft/class_761$class_10948	net/minecraft/client/render/WorldRenderer$BrightnessGetter
net/minecraft/class_761$class_12351	net/minecraft/client/render/WorldRenderer$Gizmos
net/minecraft/class_776	net/minecraft/client/render/block/BlockRenderManager
net/minecraft/class_778	net/minecraft/client/render/block/BlockModelRenderer
net/minecraft/class_778$1	net/minecraft/client/render/block/BlockModelRenderer$1
net/minecraft/class_778$class_779	net/minecraft/client/render/block/BlockModelRenderer$NeighborData
net/minecraft/class_778$class_780	net/minecraft/client/render/block/BlockModelRenderer$AmbientOcclusionCalculator
net/minecraft/class_778$class_781	net/minecraft/client/render/block/BlockModelRenderer$Translation
net/minecraft/class_778$class_4303	net/minecraft/client/render/block/BlockModelRenderer$BrightnessCache
net/minecraft/class_778$class_4303$1	net/minecraft/client/render/block/BlockModelRenderer$BrightnessCache$1
net/minecraft/class_778$class_4303$2	net/minecraft/client/render/block/BlockModelRenderer$BrightnessCache$2
net/minecraft/class_778$class_10931	net/minecraft/client/render/block/BlockModelRenderer$LightmapCache
net/minecraft/class_778$class_782	net/minecraft/client/render/block/BlockModelRenderer$NeighborOrientation
net/minecraft/class_10889	net/minecraft/client/render/model/BlockModelPart
net/minecraft/class_10889$class_10890	net/minecraft/client/render/model/BlockModelPart$Unbaked
net/minecraft/class_918	net/minecraft/client/render/item/ItemRenderer
net/minecraft/class_10430	net/minecraft/client/render/item/model/BasicItemModel
net/minecraft/class_10430$class_10431	net/minecraft/client/render/item/model/BasicItemModel$Unbaked
net/minecraft/class_10432	net/minecraft/client/render/item/model/BundleSelectedItemModel
net/minecraft/class_10432$class_10433	net/minecraft/client/render/item/model/BundleSelectedItemModel$Unbaked
net/minecraft/class_10435	net/minecraft/client/render/item/model/CompositeItemModel
net/minecraft/class_10435$class_10436	net/minecraft/client/render/item/model/CompositeItemModel$Unbaked
net/minecraft/class_10437	net/minecraft/client/render/item/model/ConditionItemModel
net/minecraft/class_10437$class_10438	net/minecraft/client/render/item/model/ConditionItemModel$Unbaked
net/minecraft/class_10544	net/minecraft/client/render/item/model/EmptyItemModel
net/minecraft/class_10544$class_10545	net/minecraft/client/render/item/model/EmptyItemModel$Unbaked
net/minecraft/class_10439	net/minecraft/client/render/item/model/ItemModel
net/minecraft/class_10439$class_10440	net/minecraft/client/render/item/model/ItemModel$BakeContext
net/minecraft/class_10439$class_10441	net/minecraft/client/render/item/model/ItemModel$Unbaked
net/minecraft/class_10443	net/minecraft/client/render/item/model/ItemModelTypes
net/minecraft/class_10444	net/minecraft/client/render/item/ItemRenderState
net/minecraft/class_10444$class_10445	net/minecraft/client/render/item/ItemRenderState$Glint
net/minecraft/class_10444$class_10446	net/minecraft/client/render/item/ItemRenderState$LayerRenderState
net/minecraft/class_10447	net/minecraft/client/render/item/model/MissingItemModel
net/minecraft/class_10448	net/minecraft/client/render/item/model/RangeDispatchItemModel
net/minecraft/class_10448$class_10449	net/minecraft/client/render/item/model/RangeDispatchItemModel$Entry
net/minecraft/class_10448$class_10450	net/minecraft/client/render/item/model/RangeDispatchItemModel$Unbaked
net/minecraft/class_10451	net/minecraft/client/render/item/model/SelectItemModel
net/minecraft/class_10451$class_10722	net/minecraft/client/render/item/model/SelectItemModel$ModelSelector
net/minecraft/class_10451$class_10452	net/minecraft/client/render/item/model/SelectItemModel$SwitchCase
net/minecraft/class_10451$class_10453	net/minecraft/client/render/item/model/SelectItemModel$Unbaked
net/minecraft/class_10451$class_10454	net/minecraft/client/render/item/model/SelectItemModel$UnbakedSwitch
net/minecraft/class_10455	net/minecraft/client/render/item/model/SpecialItemModel
net/minecraft/class_10455$class_10456	net/minecraft/client/render/item/model/SpecialItemModel$Unbaked
net/minecraft/class_1921	net/minecraft/client/render/RenderLayer
net/minecraft/class_12249	net/minecraft/client/render/RenderLayers
net/minecraft/class_10498	net/minecraft/client/render/item/model/special/BannerModelRenderer
net/minecraft/class_10498$class_10499	net/minecraft/client/render/item/model/special/BannerModelRenderer$Unbaked
net/minecraft/class_10500	net/minecraft/client/render/item/model/special/BedModelRenderer
net/minecraft/class_10500$class_10501	net/minecraft/client/render/item/model/special/BedModelRenderer$Unbaked
net/minecraft/class_10502	net/minecraft/client/render/item/model/special/ChestModelRenderer
net/minecraft/class_10502$class_10503	net/minecraft/client/render/item/model/special/ChestModelRenderer$Unbaked
net/minecraft/class_10504	net/minecraft/client/render/item/model/special/ConduitModelRenderer
net/minecraft/class_10504$class_10505	net/minecraft/client/render/item/model/special/ConduitModelRenderer$Unbaked
net/minecraft/class_11693	net/minecraft/client/render/item/model/special/CopperGolemStatueModelRenderer
net/minecraft/class_11693$1	net/minecraft/client/render/item/model/special/CopperGolemStatueModelRenderer$1
net/minecraft/class_11693$class_11694	net/minecraft/client/render/item/model/special/CopperGolemStatueModelRenderer$Unbaked
net/minecraft/class_10506	net/minecraft/client/render/item/model/special/DecoratedPotModelRenderer
net/minecraft/class_10506$class_10507	net/minecraft/client/render/item/model/special/DecoratedPotModelRenderer$Unbaked
net/minecraft/class_10533	net/minecraft/client/render/item/model/special/HangingSignModelRenderer
net/minecraft/class_10533$class_10534	net/minecraft/client/render/item/model/special/HangingSignModelRenderer$Unbaked
net/minecraft/class_10508	net/minecraft/client/render/item/model/special/SimpleSpecialModelRenderer
net/minecraft/class_11533	net/minecraft/client/render/item/model/special/PlayerHeadModelRenderer
net/minecraft/class_11533$class_11535	net/minecraft/client/render/item/model/special/PlayerHeadModelRenderer$Unbaked
net/minecraft/class_10509	net/minecraft/client/render/item/model/special/ShieldModelRenderer
net/minecraft/class_10509$class_10510	net/minecraft/client/render/item/model/special/ShieldModelRenderer$Unbaked
net/minecraft/class_10511	net/minecraft/client/render/item/model/special/ShulkerBoxModelRenderer
net/minecraft/class_10511$class_10512	net/minecraft/client/render/item/model/special/ShulkerBoxModelRenderer$Unbaked
net/minecraft/class_10513	net/minecraft/client/render/item/model/special/HeadModelRenderer
net/minecraft/class_10513$class_10514	net/minecraft/client/render/item/model/special/HeadModelRenderer$Unbaked
net/minecraft/class_10515	net/minecraft/client/render/item/model/special/SpecialModelRenderer
net/minecraft/class_10515$class_11695	net/minecraft/client/render/item/model/special/SpecialModelRenderer$BakeContext
net/minecraft/class_10515$class_11695$class_11696	net/minecraft/client/render/item/model/special/SpecialModelRenderer$BakeContext$Simple
net/minecraft/class_10515$class_10516	net/minecraft/client/render/item/model/special/SpecialModelRenderer$Unbaked
net/minecraft/class_10517	net/minecraft/client/render/item/model/special/SpecialModelTypes
net/minecraft/class_10535	net/minecraft/client/render/item/model/special/SignModelRenderer
net/minecraft/class_10535$class_10536	net/minecraft/client/render/item/model/special/SignModelRenderer$Unbaked
net/minecraft/class_10518	net/minecraft/client/render/item/model/special/TridentModelRenderer
net/minecraft/class_10518$class_10519	net/minecraft/client/render/item/model/special/TridentModelRenderer$Unbaked
